latency,shares
1,29.68
1,29.87
1,30.43
1,30.1
1,29.97
1,30.15
1,30.28
1,30.23
1,29.78
1,30.01
1,29.92
1,30.28
1,30.22
1,29.91
1,29.89
1,30.08
1,29.76
1,30.2
1,29.98
1,30.09
1,29.86
1,30.03
1,30.01
1,29.58
1,30.06
1,29.94
1,30
1,29.97
1,30.14
1,30.17
1,29.93
1,29.86
1,29.94
1,30.12
1,29.88
1,30.15
1,30.09
1,30.13
1,29.77
1,30.05
1,30.22
1,29.75
1,29.92
1,30.12
1,29.98
1,30.12
1,30.13
1,29.96
1,29.8
1,29.72
1,30.17
1,29.86
1,29.91
1,30.01
1,29.88
1,30.08
1,29.81
1,29.99
1,30.09
1,30
1,30.19
1,29.51
1,30.09
1,30.04
1,30.09
1,30.13
1,30.07
1,30.12
1,29.75
1,29.8
1,30.1
1,29.87
1,30.37
1,29.71
1,30.13
1,30.2
1,29.83
1,30.13
1,30.12
1,30.02
1,30.15
1,30.36
1,29.7
1,30.06
1,29.8
1,30.1
1,30.13
1,30.42
1,30.09
1,30.26
1,30.21
1,30.12
1,30.08
1,30.2
1,29.6
1,29.85
1,30.2
1,30.21
1,29.84
1,29.81
1,30.04
1,29.77
1,29.68
1,30.05
1,29.77
1,30.14
1,30
1,30.15
1,29.86
1,29.97
1,30.29
1,30.2
1,30.32
1,29.5
1,29.97
1,29.92
1,29.87
1,30.01
1,29.81
1,30.09
1,29.9
1,29.83
1,29.7
1,29.91
1,29.98
1,30.3
1,29.82
1,30.08
1,30.09
1,30.21
1,30.11
1,30.1
1,29.95
1,29.92
1,29.81
1,29.91
1,29.91
1,30.12
1,30.21
1,30.08
1,29.95
1,30.14
1,29.69
1,30.17
1,30.41
1,29.85
1,29.74
1,29.64
1,29.43
1,29.76
1,30.41
1,30.09
1,30.37
1,29.99
1,29.85
1,30.03
1,30.13
1,30.28
1,29.89
1,29.54
1,30.61
1,29.7
1,30.21
1,30.31
1,30.04
1,30.2
1,30
1,30.16
1,30.04
1,29.93
1,29.73
1,29.49
1,29.92
1,29.76
1,30.24
1,29.99
1,29.81
1,30.25
1,30.3
1,30.2
1,29.66
1,30.3
1,30.4
1,30.19
1,30.31
1,30.28
1,30.14
1,29.79
1,30.1
1,30.28
1,29.68
1,29.84
1,29.75
1,30.08
1,29.58
1,30.1
1,29.81
1,29.78
1,29.41
1,29.92
1,30.19
1,30.16
1,30.11
1,29.81
1,30.07
1,29.95
1,29.85
1,30.31
1,29.92
1,29.95
1,30.37
1,29.92
1,30
1,29.65
1,29.81
1,30
1,30.04
1,29.88
1,30.04
1,30.24
1,30.21
1,29.75
1,30.11
1,29.96
1,29.9
1,29.97
1,30.23
1,29.95
1,30.05
1,29.96
1,29.91
1,29.75
1,29.6
1,30.27
1,30.03
1,29.93
1,29.78
1,29.71
1,30.24
1,29.87
1,30.18
1,30.22
1,29.87
1,29.73
1,29.92
1,30.03
1,29.82
1,30.09
1,29.85
1,30.16
1,29.98
1,30.05
1,29.92
1,29.63
1,30.21
1,29.95
1,30.13
1,29.83
1,30.37
1,30.14
1,30.25
1,30.22
1,29.87
1,29.77
1,29.74
1,29.69
1,30.09
1,30.45
1,30.34
1,29.77
1,30.52
1,30.21
1,29.73
1,30.06
1,30.13
1,30.13
1,30.63
1,30.16
1,29.7
1,30
1,30.13
1,30.48
1,30.17
1,29.97
1,30.08
1,30.13
1,29.73
1,29.88
1,30.03
1,29.88
1,30.52
1,30.15
1,29.62
1,30.35
1,30.09
1,30.48
1,29.73
1,29.88
1,30.03
1,29.85
1,29.96
1,29.93
1,30.16
1,30.2
1,29.89
1,29.79
1,30.14
1,30.24
1,30.22
1,30.31
1,29.78
1,30.11
1,29.93
1,30.34
1,30.1
1,30.09
1,29.69
1,30.15
1,29.96
1,29.99
1,30.03
1,29.95
1,29.98
1,29.55
1,30.05
1,30.09
1,29.77
1,30.14
1,29.88
1,29.91
1,29.93
1,29.98
1,29.76
1,29.9
1,30.01
1,30.16
1,29.74
1,29.69
1,30.37
1,29.92
1,29.77
1,29.94
1,29.97
1,29.55
1,30.16
1,30.21
1,30.25
1,29.61
1,30.06
1,30.09
1,30.12
1,30
1,29.94
1,29.72
1,29.86
1,30.01
1,29.98
1,30.1
1,29.62
1,29.99
1,29.84
1,29.56
1,30.01
1,29.76
1,29.89
1,30.11
1,29.94
1,29.77
1,29.91
1,30.24
1,29.79
1,30.07
1,29.98
1,29.94
1,30.19
1,29.76
1,30.06
1,30.29
1,30
1,29.83
1,30.24
1,29.86
1,29.79
1,30.42
1,30
1,30.11
1,29.86
1,29.98
1,29.75
1,30.07
1,30.01
1,29.79
1,30.15
1,30.17
1,29.8
1,30.01
1,30.19
1,29.76
1,29.9
1,29.67
1,30.35
1,29.84
1,29.99
1,30.33
1,30.39
1,30.6
1,29.89
1,29.86
1,30.19
1,29.93
1,29.94
1,29.8
1,30.46
1,29.94
1,29.87
1,30.33
1,29.4
1,29.69
1,30.48
1,29.77
1,30.07
1,30.22
1,30.36
1,30.01
1,30.15
1,30.1
1,29.58
1,29.95
1,29.82
1,29.91
1,30.23
1,29.99
1,30.13
1,30.06
1,29.87
1,29.75
1,30.1
1,29.8
1,29.92
1,30.19
1,29.81
1,29.92
1,30.13
1,30.27
1,30.05
1,30.18
1,29.99
1,29.95
1,30.25
1,30.03
1,29.84
1,29.93
1,29.77
1,29.93
1,30.01
1,30.06
1,30
1,29.77
1,29.91
1,30.13
1,29.71
1,30.23
1,29.98
1,29.86
1,30.05
1,30.33
1,30.19
1,29.66
1,29.92
1,30.18
1,29.94
1,29.97
1,30.59
1,29.89
1,30.05
1,30.4
1,29.82
1,30.35
1,30.12
1,29.89
1,30.27
1,30.05
1,30.08
1,29.91
1,30.02
1,29.88
1,29.84
1,29.79
1,30.19
1,29.92
1,29.78
1,29.97
1,30.1
1,29.87
1,30.06
1,30.46
1,29.97
1,29.95
1,30.11
1,29.97
1,30.12
1,30.1
1,30.12
1,30.1
1,30.21
1,29.93
1,30.57
1,30.54
1,30.16
1,30
1,30.08
1,29.86
1,30.19
1,30.04
1,30.3
1,30.14
1,29.72
1,30.51
1,29.77
1,30.17
1,29.71
1,30.06
1,30.14
1,30.07
1,30.13
1,30.05
1,29.89
1,30.14
1,30.07
1,30.18
1,30.05
1,29.64
1,29.99
1,29.54
1,30.08
1,30.12
1,29.96
1,29.88
1,29.72
1,30.14
1,30.19
1,29.93
1,30.49
1,29.81
1,29.96
1,30.07
1,29.98
1,30.38
1,29.71
1,30.29
1,29.65
1,30.4
1,30.51
1,29.92
1,30.25
1,30.43
1,30.1
1,29.85
1,29.89
1,29.92
1,30.14
1,29.84
1,30.26
1,29.55
1,29.94
1,29.41
1,30.36
1,29.89
1,29.73
1,29.63
1,29.87
1,29.88
1,30.09
1,30.16
1,30.28
1,30.03
1,30.06
1,30.05
1,30
1,29.9
1,30.02
1,29.88
1,29.99
1,29.8
1,29.72
1,30.11
1,29.69
1,29.99
1,30.15
1,30.24
1,29.96
1,30.33
1,30.21
1,29.32
1,29.97
1,29.98
1,30.08
1,30.08
1,29.69
1,30.26
1,29.9
1,30.23
1,30.14
1,29.96
1,29.89
1,30.25
1,30.16
1,29.92
1,29.67
1,29.87
1,30.06
1,30.02
1,30.1
1,30.16
1,30.18
1,29.91
1,29.99
1,29.99
1,30.3
1,29.96
1,29.94
1,30.08
1,29.71
1,29.61
1,29.65
1,29.88
1,30.1
1,29.88
1,30.03
1,29.89
1,30.36
1,30.24
1,29.82
1,30.09
1,29.89
1,29.79
1,30.04
1,30.21
1,30.11
1,30.04
1,30.04
1,30.17
1,30.18
1,29.86
1,29.93
1,30.05
1,30.07
1,29.91
1,29.88
1,30.1
1,30.07
1,30.57
1,30.14
1,30.02
1,30
1,29.85
1,30.26
1,30.07
1,30.1
1,30.11
1,29.9
1,30.34
1,29.84
1,29.81
1,30.06
1,29.99
1,30.15
1,29.97
1,29.97
1,29.86
1,29.85
1,30.2
1,30.16
1,29.89
1,29.59
1,30.14
1,30.17
1,30.17
1,30.35
1,30.39
1,29.56
1,29.71
1,30.03
1,29.91
1,29.91
1,30.06
1,30.26
1,29.72
1,29.85
1,29.87
1,30.41
1,30.1
1,30.29
1,30.39
1,30.24
1,30.2
1,30.09
1,30.26
1,30.07
1,29.49
1,30.12
1,30.19
1,29.67
1,30.19
1,30.12
1,30.22
1,30.42
1,29.93
1,30.21
1,29.53
1,29.76
1,30.22
1,30.06
1,30.18
1,29.47
1,29.81
1,29.45
1,29.85
1,29.93
1,30.23
1,29.89
1,29.88
1,30.03
1,29.98
1,30.02
1,30.24
1,29.8
1,30.18
1,30.03
1,29.98
1,30.17
1,29.53
1,30.02
1,29.96
1,30.33
1,29.96
1,29.85
1,30.18
1,30.07
1,29.67
1,29.96
1,30.09
1,29.84
1,30.32
1,29.89
1,30.08
1,30.68
1,29.87
1,29.8
1,29.76
1,29.83
1,30.17
1,29.67
1,30.01
1,30.21
1,30.03
1,30.01
1,30.25
1,29.98
1,30.06
1,30.42
1,29.6
1,30.34
1,30.57
1,30
1,29.85
1,30.42
1,29.96
1,30.01
1,29.79
1,30.15
1,29.91
1,30
1,29.84
1,30.08
1,30.05
1,30.33
1,30.73
1,29.96
1,29.81
1,30.17
1,29.95
1,29.92
1,29.57
1,30.28
1,29.91
1,30.08
1,30.23
1,29.65
1,29.79
1,30.24
1,29.87
1,29.97
1,29.61
1,30.12
1,30.05
1,30.03
1,30.17
1,30.31
1,30.02
1,29.9
1,29.99
1,30.1
1,29.83
1,29.64
1,29.95
1,30.79
1,30.03
1,29.9
1,30.16
1,29.96
1,29.89
1,30.37
1,29.94
1,29.73
1,30.22
1,30.27
1,29.82
1,30.03
1,29.65
1,30.02
1,30.05
1,29.72
1,29.98
1,30.48
1,29.91
1,29.68
1,30.08
1,29.96
1,29.79
1,29.97
1,29.82
1,30.01
1,29.93
1,30.02
1,29.68
1,29.84
1,29.77
1,29.98
1,30.52
1,29.97
1,30.04
1,29.89
1,29.58
1,29.66
1,29.96
1,29.87
1,29.68
1,30.41
1,30.05
1,29.88
1,30.08
1,30.02
1,29.91
1,30.37
1,29.64
1,29.82
1,29.95
1,29.81
1,30.31
1,29.76
1,29.98
1,30.17
1,30.14
1,30.02
1,30.25
1,29.9
1,30.44
1,29.93
1,29.91
1,29.8
1,29.9
1,29.67
1,29.96
1,29.98
1,29.56
1,29.9
1,30.29
1,30.21
1,30.28
1,30.42
1,30.37
1,29.8
1,30.28
1,30.46
1,29.62
1,30.19
1,30.15
1,30.15
1,30.3
1,30.08
1,30.04
1,30.21
1,30.17
1,29.84
1,29.98
1,30.02
1,30.2
1,29.95
1,30.07
1,29.97
1,29.72
1,29.73
1,30.47
1,29.84
1,30.02
1,29.94
1,29.86
1,29.85
1,29.76
1,30.04
1,30.04
1,30.01
1,30.35
1,29.85
1,29.9
1,29.86
1,30.09
1,29.54
1,29.86
1,29.83
1,30.19
1,30.19
1,30.05
1,30.06
1,29.45
1,29.95
1,29.92
1,30.06
1,29.94
1,30.12
1,30.24
1,30.15
1,29.8
1,30.24
1,30.06
1,29.78
1,29.61
1,30.03
1,30.32
1,29.71
1,30.16
1,29.83
1,29.85
1,30.26
1,30.72
1,29.97
1,30.14
1,30.22
1,29.71
1,29.84
1,30.54
1,29.84
1,30.07
1,30.06
1,29.76
1,30.08
1,30.27
1,29.98
1,30.22
1,30.02
1,29.77
1,29.69
1,30.4
1,30.35
1,29.92
1,29.76
1,30.14
1,30.38
1,30.19
1,30.41
1,29.86
1,29.9
1,30.24
1,30.03
1,30.53
1,30.4
1,29.8
1,29.9
1,30
1,30.24
1,29.62
1,29.92
1,29.97
1,30.06
1,30.1
1,30.02
1,29.91
1,30.31
1,29.73
1,29.91
1,29.78
1,29.91
1,29.67
1,30.08
1,29.7
1,29.95
1,30.22
1,30.03
1,29.76
5,29.48
5,29.99
5,30.44
5,30.25
5,29.92
5,30.38
5,30.06
5,29.81
5,30.48
5,30
5,30.53
5,30.15
5,29.64
5,30.16
5,30.2
5,29.67
5,30.16
5,30.22
5,30.09
5,30.21
5,30.06
5,29.86
5,30.06
5,30.28
5,30.21
5,29.85
5,29.74
5,30.47
5,30.71
5,30.22
5,29.91
5,29.78
5,30
5,30.2
5,30.26
5,30.16
5,29.85
5,30.55
5,30.08
5,30.16
5,29.8
5,30.08
5,30.03
5,29.9
5,30.18
5,29.79
5,30.03
5,30.08
5,29.93
5,29.94
5,29.86
5,30.1
5,30.29
5,29.92
5,30.44
5,29.94
5,29.81
5,30.18
5,30.53
5,29.75
5,29.63
5,29.81
5,30.15
5,30.51
5,29.8
5,30.16
5,30.03
5,29.97
5,30.36
5,29.91
5,30.33
5,30.49
5,30.22
5,29.76
5,30.13
5,30.01
5,29.98
5,30.06
5,30.35
5,30.36
5,29.94
5,30.08
5,29.72
5,30.44
5,30.31
5,30.01
5,30.15
5,29.8
5,29.93
5,30.32
5,30.03
5,30.38
5,30.17
5,29.66
5,30.07
5,29.76
5,29.93
5,30.17
5,29.98
5,29.75
5,29.94
5,30.17
5,29.79
5,30.11
5,30.06
5,29.89
5,29.76
5,29.86
5,29.79
5,29.91
5,30.25
5,30.08
5,30.23
5,30.06
5,30.24
5,29.68
5,30.03
5,30.05
5,30.09
5,30.49
5,30.06
5,30.1
5,30.52
5,30.05
5,30.07
5,29.9
5,30.44
5,29.67
5,29.89
5,30.19
5,30.13
5,29.61
5,30.05
5,30.45
5,29.99
5,29.99
5,30.18
5,29.85
5,30.13
5,30.58
5,30.14
5,30.16
5,29.99
5,29.88
5,30.16
5,29.83
5,30.46
5,30.32
5,30.08
5,29.79
5,29.98
5,29.92
5,29.97
5,29.97
5,30.41
5,29.99
5,30.27
5,30.06
5,30.09
5,29.89
5,30.39
5,30.13
5,29.98
5,30.24
5,30.06
5,30.13
5,29.89
5,29.7
5,29.52
5,30.51
5,30.28
5,30.25
5,30.38
5,30.17
5,30.11
5,30
5,30
5,29.99
5,30.24
5,30.19
5,30.28
5,30.47
5,30.52
5,29.97
5,30.3
5,30.05
5,30.08
5,29.86
5,30.2
5,30.16
5,30.28
5,30.4
5,29.76
5,29.64
5,30.19
5,29.93
5,30.17
5,29.83
5,29.8
5,29.83
5,29.87
5,30.05
5,30.17
5,30.07
5,30.1
5,29.89
5,30.05
5,30.16
5,29.81
5,30.19
5,29.94
5,30.23
5,30.49
5,29.82
5,29.9
5,29.9
5,30.01
5,30
5,29.94
5,30.25
5,30.07
5,30.15
5,29.97
5,30.12
5,30.06
5,30.1
5,29.75
5,29.47
5,29.63
5,29.94
5,29.94
5,30.17
5,29.96
5,30.47
5,29.71
5,30.42
5,29.85
5,30.04
5,29.85
5,30.27
5,30.2
5,29.86
5,29.9
5,29.96
5,30.39
5,30.05
5,30.26
5,30.19
5,30.05
5,30.09
5,29.9
5,29.87
5,30
5,30.09
5,30.17
5,30.11
5,30.08
5,30.08
5,30.08
5,30.07
5,29.96
5,29.78
5,29.81
5,30.14
5,29.62
5,29.98
5,30.26
5,29.67
5,30.3
5,30.26
5,30.04
5,30.06
5,30.23
5,30.39
5,30.14
5,30.6
5,29.88
5,29.89
5,30.41
5,30.24
5,29.96
5,30.27
5,30.02
5,29.91
5,29.88
5,30.02
5,30.13
5,30.1
5,30.3
5,30.41
5,29.98
5,29.88
5,30
5,30.37
5,29.81
5,30.08
5,29.91
5,29.74
5,30.16
5,29.91
5,30.31
5,30.24
5,30.44
5,30.05
5,30.03
5,30.3
5,30
5,29.83
5,29.96
5,30.29
5,29.83
5,30.03
5,30.22
5,29.85
5,30.18
5,29.87
5,30.16
5,30.26
5,29.9
5,29.9
5,29.92
5,30.28
5,30.47
5,30.34
5,30.37
5,30.25
5,30.06
5,29.93
5,30.35
5,29.88
5,30.07
5,29.87
5,29.86
5,30.04
5,30.27
5,30.27
5,30.1
5,30.08
5,30.2
5,30.19
5,30.18
5,30.1
5,29.65
5,29.91
5,29.86
5,30.07
5,29.79
5,30.16
5,29.83
5,29.72
5,30.08
5,30.23
5,29.97
5,30.02
5,29.89
5,30.12
5,29.97
5,30.07
5,29.98
5,29.82
5,29.9
5,29.88
5,30.05
5,30.05
5,30.27
5,30.27
5,30.54
5,29.84
5,30.5
5,30.14
5,30.22
5,29.96
5,30.01
5,29.89
5,30.42
5,30.26
5,29.96
5,29.93
5,30.11
5,30.05
5,30.17
5,30.14
5,29.81
5,29.95
5,30.07
5,30.28
5,30.01
5,30.46
5,30.05
5,29.96
5,30.14
5,29.99
5,30.25
5,30.36
5,30.15
5,29.78
5,29.71
5,29.75
5,30.01
5,30.39
5,30.06
5,30.05
5,29.98
5,30.3
5,30.26
5,30.25
5,30.14
5,30.01
5,30.72
5,30.15
5,29.77
5,30.44
5,29.93
5,30.11
5,30.11
5,30.16
5,30.43
5,30.23
5,29.9
5,29.92
5,30.13
5,29.98
5,30.4
5,30.17
5,29.78
5,30.4
5,30.16
5,29.7
5,29.82
5,30.02
5,29.96
5,30.19
5,29.87
5,30.1
5,30.35
5,29.98
5,29.67
5,30.12
5,29.62
5,29.73
5,30.09
5,30.04
5,29.77
5,30.55
5,29.93
5,30.63
5,29.79
5,30.03
5,30.19
5,29.91
5,30.61
5,29.91
5,29.97
5,30.01
5,30.29
5,30.43
5,30.08
5,30.57
5,29.93
5,30.31
5,30.66
5,29.78
5,30.25
5,30.24
5,30.03
5,30.06
5,29.71
5,30.41
5,30.51
5,29.8
5,29.68
5,30.2
5,29.87
5,30.11
5,30.25
5,29.94
5,30.05
5,29.73
5,30.5
5,30.01
5,30.15
5,30.27
5,30.18
5,30
5,30.06
5,30.1
5,29.69
5,30.29
5,30.04
5,30.1
5,29.8
5,30.09
5,29.94
5,29.82
5,30.1
5,30.09
5,29.84
5,30.09
5,29.95
5,29.91
5,30.33
5,29.83
5,30.22
5,30.2
5,29.9
5,30.24
5,30.12
5,30.18
5,29.87
5,30.16
5,29.82
5,29.67
5,29.6
5,30.39
5,30.01
5,29.96
5,29.81
5,30.35
5,30.57
5,30.38
5,29.9
5,30.18
5,29.95
5,30.12
5,30.06
5,30.1
5,30.14
5,30.24
5,29.99
5,29.84
5,30.26
5,29.78
5,30.46
5,30.04
5,30.18
5,29.95
5,30.51
5,30.26
5,30.42
5,29.78
5,30.08
5,29.97
5,29.94
5,30.14
5,29.89
5,30.26
5,30.02
5,30.13
5,29.98
5,30.11
5,30.28
5,30.01
5,30.31
5,30.02
5,29.95
5,29.89
5,30.12
5,30.21
5,29.98
5,29.88
5,30.4
5,30.27
5,30.48
5,30.06
5,30.07
5,30.26
5,30.06
5,29.94
5,30.21
5,30.55
5,30.39
5,29.62
5,29.9
5,29.92
5,30.01
5,30.06
5,30.07
5,30.12
5,30.54
5,29.8
5,30.09
5,30.3
5,29.97
5,30.51
5,30.14
5,30.06
5,29.81
5,29.86
5,29.9
5,29.93
5,30.16
5,29.84
5,30.08
5,30.28
5,29.8
5,30.31
5,30.19
5,29.79
5,29.98
5,29.49
5,30.23
5,29.88
5,30.12
5,30.18
5,30.16
5,30.19
5,29.72
5,29.92
5,30.24
5,30.19
5,30.54
5,29.86
5,30.14
5,30.15
5,30.27
5,30.32
5,30.14
5,29.97
5,30.24
5,30.2
5,30.09
5,30.56
5,29.93
5,29.96
5,30.17
5,30.11
5,30.15
5,29.69
5,29.95
5,29.58
5,29.96
5,30.16
5,29.84
5,30.2
5,29.72
5,30.1
5,30.5
5,30.24
5,29.65
5,30.17
5,30.46
5,30.01
5,29.77
5,29.9
5,30.03
5,30.03
5,30.15
5,29.67
5,29.88
5,29.77
5,30.23
5,30.01
5,30.13
5,30.34
5,29.99
5,29.94
5,29.76
5,30.26
5,30.04
5,29.88
5,30.15
5,29.97
5,29.98
5,30.12
5,30.31
5,29.91
5,30.13
5,29.99
5,29.94
5,29.95
5,29.9
5,30.19
5,29.58
5,30.02
5,30.16
5,29.9
5,30.21
5,30.06
5,30.39
5,29.78
5,30.12
5,29.63
5,29.81
5,30.27
5,29.92
5,29.52
5,30.09
5,29.91
5,30.1
5,30.07
5,29.93
5,29.8
5,30.26
5,30.45
5,30.02
5,30.13
5,29.88
5,29.92
5,29.91
5,30.21
5,30.06
5,30.07
5,30.21
5,29.92
5,30.35
5,29.78
5,29.94
5,30.08
5,29.92
5,30.39
5,30
5,29.8
5,29.83
5,29.91
5,29.76
5,29.91
5,29.87
5,30.16
5,30.23
5,30.08
5,30.57
5,29.93
5,30.11
5,30.55
5,30
5,30.29
5,30.19
5,29.87
5,30.36
5,30.2
5,29.75
5,30.1
5,29.95
5,30.43
5,29.93
5,29.35
5,30.27
5,30.05
5,30.33
5,29.78
5,29.83
5,29.76
5,29.73
5,29.98
5,30.37
5,29.88
5,30.27
5,30.02
5,29.81
5,30.12
5,29.85
5,30.44
5,30.19
5,30.21
5,30.01
5,30.13
5,30.1
5,30.17
5,30.18
5,30.33
5,30.38
5,29.99
5,29.95
5,29.94
5,30
5,29.96
5,30.29
5,30.07
5,30.02
5,29.89
5,30.27
5,29.85
5,30.06
5,30.45
5,30.15
5,29.93
5,30.15
5,30.23
5,29.91
5,29.74
5,30.53
5,30
5,30.38
5,30.03
5,30.2
5,30.03
5,30.26
5,29.9
5,30.11
5,29.85
5,30.04
5,30.13
5,30.05
5,29.69
5,30.34
5,29.98
5,30.31
5,30.23
5,30.1
5,29.87
5,30.27
5,29.91
5,30.35
5,29.82
5,30.23
5,30.14
5,29.92
5,30.07
5,30.03
5,29.9
5,29.99
5,29.93
5,30.25
5,29.87
5,30.05
5,29.78
5,30.11
5,30.17
5,30.37
5,30.17
5,30.23
5,30.12
5,29.96
5,30.36
5,30.44
5,30
5,29.58
5,30.03
5,29.92
5,29.96
5,30.05
5,30.18
5,29.88
5,30.12
5,29.73
5,30.18
5,29.8
5,30.67
5,30.1
5,29.81
5,29.8
5,30.2
5,30.27
5,30.29
5,29.93
5,29.94
5,30.11
5,30.29
5,30.08
5,30.23
5,30.1
5,30.1
5,30.07
5,29.94
5,29.86
5,30.33
5,30.18
5,29.93
5,30.15
5,30.27
5,30.44
5,30.35
5,30.06
5,29.81
5,30.61
5,30.31
5,29.89
5,30.07
5,30.47
5,30.26
5,30.11
5,30.12
5,29.96
5,30.19
5,29.96
5,29.9
5,30.34
5,29.67
5,30.23
5,30.13
5,29.97
5,29.78
5,29.65
5,30.24
5,30.22
5,29.75
5,29.98
5,30.02
5,30.1
5,30.08
5,29.82
5,29.93
5,29.91
5,30.1
5,30.09
5,30.33
5,30.09
5,30.33
5,30.21
5,30.06
5,29.44
5,30.43
5,30.15
5,29.71
5,30.21
5,30
5,29.86
5,29.98
5,30.52
5,30.32
5,30.44
5,30.29
5,30.11
5,30.22
5,29.98
5,29.99
5,30.16
5,29.99
5,30.1
5,30.17
5,29.92
5,29.42
5,30.14
5,29.84
5,30.12
5,29.96
5,29.89
5,29.82
5,29.75
5,30.54
5,30.28
5,30.24
5,30.12
5,29.92
5,29.89
5,30.26
5,29.78
5,30.27
5,29.45
5,29.97
5,29.79
5,30.19
5,30.27
5,30.03
5,30.11
5,30.21
5,30.26
5,29.73
5,30.16
5,30.35
5,30.08
5,29.82
5,30.26
5,30.2
5,29.97
5,29.62
5,29.94
5,29.96
5,30.08
5,29.86
5,30.03
5,30.13
5,29.67
5,30.34
5,30.07
5,30.25
5,30.23
5,30.24
5,29.92
5,29.92
5,30.28
5,30.08
5,30.14
5,29.8
5,30.57
5,30.04
5,30.26
5,30.23
5,29.94
5,30.14
5,29.68
5,30.34
5,30.06
5,30.09
5,30.17
5,30.2
5,30.17
5,30.28
5,29.98
5,30.08
5,30.11
5,29.79
5,29.74
5,29.83
5,30.06
5,30.07
5,30.1
5,30.01
5,30.11
5,30.14
10,30.37
10,30.2
10,30.52
10,29.98
10,30.13
10,30.32
10,30.09
10,29.77
10,30.04
10,30.13
10,29.56
10,30.16
10,29.82
10,30
10,30.43
10,30.43
10,29.69
10,30.42
10,30.05
10,30.09
10,30.08
10,30.08
10,30.1
10,30.11
10,30.17
10,30
10,29.97
10,30.27
10,30.02
10,30.14
10,29.7
10,29.64
10,30.33
10,30.27
10,29.95
10,29.97
10,30.54
10,30.46
10,30.08
10,30.01
10,30.57
10,30.2
10,30.73
10,29.99
10,29.91
10,30.17
10,30.2
10,29.93
10,30.27
10,30.12
10,30.54
10,30.28
10,30.11
10,30.04
10,30.07
10,29.96
10,29.91
10,30.24
10,30.5
10,30.43
10,29.99
10,30.01
10,30.2
10,30.55
10,30.44
10,30.11
10,30.58
10,30.13
10,29.91
10,30.16
10,29.64
10,29.98
10,29.86
10,30.63
10,30.37
10,30.44
10,29.65
10,30.1
10,30.19
10,30.28
10,30.13
10,29.91
10,29.98
10,29.7
10,30.23
10,30.32
10,30.41
10,30.27
10,29.96
10,30.15
10,30.05
10,30.24
10,30.01
10,30.2
10,30.4
10,30.47
10,30.17
10,30.4
10,30.05
10,29.88
10,29.86
10,29.97
10,30.4
10,30.19
10,29.81
10,29.87
10,29.7
10,29.8
10,30.13
10,30.44
10,29.93
10,30.37
10,29.79
10,30.6
10,30.43
10,30.24
10,30.47
10,30.08
10,29.77
10,29.92
10,30.55
10,29.88
10,30.13
10,29.78
10,30.22
10,29.96
10,30.04
10,30.34
10,29.77
10,30.11
10,30.31
10,30.09
10,30.04
10,30.09
10,29.98
10,30.03
10,29.86
10,30.02
10,30.29
10,30.04
10,30.15
10,30.07
10,30.54
10,30.19
10,30.25
10,29.98
10,30.37
10,30.16
10,30.07
10,29.83
10,30.02
10,30.11
10,29.8
10,30.24
10,29.78
10,29.72
10,30.16
10,30.14
10,30.18
10,30.6
10,30.04
10,30.06
10,30.07
10,29.92
10,30.26
10,30.14
10,29.97
10,30.11
10,29.85
10,29.8
10,30.53
10,30.05
10,29.8
10,30.12
10,30.14
10,30.46
10,30.52
10,29.86
10,30.47
10,30.06
10,30.09
10,30.19
10,30.2
10,29.65
10,29.3
10,29.91
10,30.27
10,30.64
10,30.12
10,29.57
10,30.37
10,30.01
10,30.13
10,29.92
10,29.98
10,30.13
10,30
10,30.27
10,30.06
10,30.2
10,29.96
10,29.94
10,30.23
10,30.03
10,29.95
10,30.43
10,29.87
10,30.24
10,30.07
10,29.9
10,30.21
10,30.57
10,29.98
10,30.39
10,29.89
10,30.36
10,30.66
10,29.87
10,30.31
10,30.16
10,30.22
10,29.93
10,29.95
10,29.84
10,29.91
10,30.03
10,30.3
10,30.73
10,30.19
10,30.25
10,29.69
10,30.57
10,30.13
10,30.26
10,30.24
10,30.55
10,30.18
10,30.08
10,30.12
10,29.96
10,30.12
10,30.17
10,30.35
10,29.92
10,29.87
10,29.8
10,30.14
10,30.37
10,30.24
10,30.24
10,30.28
10,30.24
10,29.97
10,30.26
10,29.97
10,30.19
10,30.25
10,30.07
10,29.62
10,30.2
10,30.13
10,30.48
10,29.93
10,30.37
10,30.08
10,30.18
10,29.81
10,30.21
10,30.06
10,30.1
10,30.02
10,30.06
10,30.34
10,30.24
10,30.24
10,29.98
10,30.63
10,29.64
10,30.64
10,29.98
10,30.2
10,30.36
10,30.36
10,30.28
10,29.8
10,29.92
10,30.27
10,30.16
10,30.52
10,30.21
10,30.04
10,30.08
10,30.22
10,29.7
10,30.13
10,30.24
10,30.1
10,30.22
10,29.99
10,30.46
10,30.12
10,30.09
10,29.92
10,30.26
10,30.45
10,30.33
10,30.06
10,30.13
10,30.29
10,29.79
10,30.1
10,30.61
10,30.03
10,30.41
10,29.8
10,29.67
10,30.02
10,29.87
10,30.55
10,29.84
10,30.14
10,30.34
10,30.45
10,30.52
10,30.5
10,29.82
10,30.32
10,29.98
10,29.96
10,29.97
10,29.96
10,29.98
10,30.16
10,30.23
10,30.33
10,30.16
10,30.18
10,30.37
10,30.01
10,30.27
10,29.83
10,30.13
10,30.57
10,29.88
10,30.26
10,29.92
10,30.03
10,30.34
10,30.22
10,30.4
10,29.62
10,30.07
10,30.04
10,29.93
10,30.1
10,30.32
10,30.07
10,29.86
10,30.11
10,30.22
10,30.25
10,30.39
10,30.27
10,30.32
10,30.69
10,30.23
10,29.68
10,29.95
10,29.77
10,30.08
10,29.76
10,30.37
10,30.11
10,30.34
10,30.23
10,30.71
10,30.33
10,30.49
10,30.33
10,29.87
10,30.14
10,30.54
10,30.17
10,30.54
10,30.28
10,30.25
10,29.97
10,30.26
10,30.24
10,30.16
10,29.72
10,30.01
10,30.03
10,30.33
10,29.72
10,30.11
10,30
10,30.37
10,30.29
10,30.06
10,30.06
10,29.75
10,30.27
10,30.17
10,30.28
10,30.27
10,30.14
10,30.39
10,29.94
10,30.14
10,29.92
10,30.1
10,29.93
10,30.3
10,30.32
10,29.85
10,29.96
10,30.05
10,29.76
10,29.97
10,30.42
10,30.1
10,29.96
10,30.12
10,30.17
10,30.03
10,30.33
10,30
10,30.56
10,29.84
10,30
10,30.18
10,29.79
10,30.1
10,30.21
10,30.5
10,30.15
10,29.82
10,30.46
10,30.37
10,29.95
10,29.99
10,30.55
10,30.28
10,29.81
10,30.15
10,30.48
10,30.59
10,29.71
10,29.9
10,30.18
10,29.63
10,30.32
10,30.16
10,30.34
10,30.47
10,30.31
10,30.42
10,30.27
10,30.17
10,30.24
10,30.01
10,30.08
10,30.03
10,30.22
10,30.14
10,30.21
10,30.36
10,30.01
10,30.29
10,30.14
10,29.69
10,30.09
10,30.13
10,30.04
10,30.33
10,30.27
10,30.18
10,29.97
10,30.01
10,30.17
10,29.63
10,29.99
10,29.98
10,30.02
10,30.26
10,30.17
10,30.11
10,30.05
10,29.9
10,30.43
10,30.1
10,30.3
10,30.24
10,30.33
10,30.16
10,30.27
10,29.82
10,30.19
10,30.25
10,30.03
10,29.98
10,30.19
10,30.05
10,30.39
10,29.89
10,30.06
10,29.97
10,30.16
10,29.99
10,30.12
10,29.89
10,30.32
10,30.17
10,30.01
10,30.2
10,29.97
10,30.23
10,29.73
10,30.3
10,29.87
10,30.06
10,30.05
10,30.14
10,30.23
10,30.28
10,30.17
10,30.2
10,30.6
10,30.43
10,29.83
10,30.28
10,30.32
10,30.38
10,30.17
10,30.02
10,30.11
10,30.01
10,30.06
10,30.04
10,30.25
10,30.09
10,30.2
10,30.66
10,30.02
10,30.43
10,30.25
10,30.12
10,29.88
10,30.4
10,30.19
10,30.06
10,30.24
10,30.45
10,30.04
10,30
10,30.21
10,30.28
10,29.98
10,30.19
10,29.96
10,29.94
10,29.97
10,29.87
10,30
10,30.1
10,30.17
10,30.1
10,30.13
10,30.11
10,30.43
10,30.7
10,29.98
10,29.75
10,30.15
10,30.09
10,30.13
10,30.27
10,30
10,30.52
10,30.55
10,29.97
10,30.7
10,30.07
10,30.54
10,30.31
10,29.97
10,29.76
10,30.11
10,30.11
10,30.26
10,29.82
10,29.85
10,30.21
10,30.22
10,29.85
10,30.09
10,29.96
10,30.16
10,30.31
10,29.77
10,30.21
10,30.36
10,30.38
10,30.23
10,30.17
10,30.69
10,30.35
10,30.09
10,30.28
10,30.15
10,29.93
10,29.87
10,29.69
10,30.4
10,30.35
10,29.94
10,30.32
10,30.04
10,30.43
10,30.28
10,30.1
10,30.17
10,30.09
10,30.54
10,30.1
10,30.41
10,30
10,29.78
10,29.91
10,30.33
10,30.34
10,30.46
10,29.99
10,29.81
10,30.3
10,30.41
10,29.96
10,29.7
10,30.3
10,29.65
10,30.21
10,29.8
10,30.15
10,30.05
10,30.26
10,30.43
10,29.97
10,29.98
10,30.33
10,30.39
10,29.94
10,30.52
10,30.21
10,30.3
10,30.43
10,29.98
10,29.95
10,30.21
10,29.69
10,30.16
10,29.8
10,30.51
10,30.38
10,30.38
10,30.53
10,29.98
10,30.03
10,30.33
10,29.88
10,30.17
10,30.56
10,30.16
10,29.96
10,30.21
10,29.71
10,30.33
10,30.06
10,30.45
10,29.98
10,30.45
10,30.05
10,29.92
10,29.71
10,30.24
10,30.43
10,30.35
10,29.94
10,30.23
10,30.01
10,30.4
10,30.05
10,29.74
10,30.43
10,30.06
10,30.12
10,30.23
10,30.45
10,29.86
10,30.22
10,29.97
10,30.18
10,29.94
10,30
10,30.16
10,30.14
10,30.31
10,30.43
10,30.26
10,29.84
10,30.35
10,30.13
10,30.37
10,30.14
10,30.45
10,30.02
10,30.02
10,30.68
10,30.42
10,30
10,30.2
10,29.65
10,30.12
10,30.54
10,30.38
10,29.9
10,30.14
10,30.03
10,30.1
10,30.47
10,30.18
10,30.03
10,30.02
10,30.01
10,29.92
10,30.33
10,30.19
10,30.43
10,30.2
10,30.37
10,29.83
10,30.02
10,30.08
10,30.13
10,30.12
10,29.92
10,29.89
10,30.14
10,29.99
10,29.88
10,30.56
10,29.99
10,30.2
10,30.18
10,30.18
10,30.45
10,29.9
10,30.27
10,29.9
10,30.47
10,30.39
10,30.28
10,30.15
10,30.01
10,29.98
10,30.03
10,30.34
10,29.88
10,30.14
10,30.13
10,30.13
10,30.28
10,30.15
10,30.22
10,30.09
10,30.03
10,29.96
10,30.41
10,30.1
10,30.09
10,30.65
10,30.49
10,30.53
10,30.21
10,29.96
10,30.4
10,29.93
10,29.87
10,30.08
10,30.01
10,30.04
10,29.84
10,29.95
10,29.99
10,30.41
10,29.61
10,30.27
10,30.07
10,30.48
10,30.2
10,30.1
10,30.05
10,30.25
10,30.13
10,30.1
10,30.49
10,29.87
10,30.52
10,30.19
10,29.81
10,30.01
10,30.24
10,30
10,30
10,29.92
10,29.96
10,30.45
10,30.15
10,29.91
10,30.43
10,30
10,29.78
10,30.56
10,30.05
10,30.02
10,30.47
10,30.26
10,29.99
10,30.01
10,30.18
10,30.58
10,30.4
10,30.59
10,30.02
10,30.1
10,30.01
10,29.76
10,30.13
10,30.45
10,30.15
10,30.35
10,30.29
10,30.11
10,30.21
10,29.77
10,30.34
10,30.42
10,30.36
10,30.37
10,29.97
10,29.86
10,30.14
10,30.27
10,30.19
10,30.06
10,30.2
10,30.25
10,30.13
10,30.4
10,30.06
10,30.16
10,30.35
10,30.39
10,30.53
10,30.33
10,30.09
10,30.18
10,30.12
10,30.02
10,30.4
10,30.45
10,30.14
10,30.14
10,30.07
10,30.24
10,30.08
10,30.09
10,30.01
10,30.28
10,30.25
10,29.99
10,30.31
10,30.08
10,30.2
10,29.99
10,29.95
10,30.21
10,30.46
10,30.43
10,30.51
10,30.4
10,30.14
10,30.51
10,30.16
10,29.95
10,30.13
10,29.68
10,30.32
10,30.03
10,30
10,30.17
10,29.57
10,30.39
10,30.13
10,30.15
10,30.08
10,30.28
10,30.06
10,29.69
10,30.06
10,30.03
10,30.19
10,30.09
10,30.03
10,30.08
10,30.12
10,30.38
10,30.2
10,29.95
10,30.23
10,29.74
10,30.49
10,30.12
10,30.33
10,29.96
10,30.16
10,29.93
10,29.97
10,30.28
10,29.65
10,30.41
10,29.82
10,30.57
10,30.08
10,30.34
10,30.57
10,30.07
10,30.37
10,30.06
10,30.4
10,30.03
10,30.18
10,30
10,30.34
10,30.49
10,30.16
10,29.9
10,30.35
10,30.33
10,30.27
10,30.45
10,29.69
10,29.74
10,30.23
10,30.23
10,29.99
10,30.43
10,30.19
10,29.81
10,30.33
10,30.17
10,29.86
10,30.26
10,30.11
10,30
10,30.17
10,29.81
10,30.09
10,29.72
10,29.77
10,30.21
10,29.94
10,29.75
10,30.05
10,30.31
10,30.53
10,30.12
10,30.02
10,30.32
10,30.33
10,29.94
10,30.35
10,30.42
10,29.96
10,30.12
10,30.05
10,30.3
10,30.6
10,30.25
10,30.23
10,30.19
10,29.96
10,30.27
10,30.16
10,30.1
10,30.39
10,29.72
10,29.91
10,29.92
10,30.32
20,29.98
20,30.47
20,30.11
20,30.18
20,30.31
20,30.69
20,30.5
20,30.34
20,30.64
20,30.15
20,30
20,30.38
20,29.79
20,30.31
20,30.11
20,30.31
20,30.36
20,30.32
20,30.56
20,30.23
20,30.22
20,30.44
20,30.38
20,30.1
20,30.36
20,30.43
20,30.43
20,29.84
20,29.96
20,30.09
20,30.3
20,30.29
20,30.59
20,30.26
20,30.44
20,30.48
20,30.12
20,30.15
20,29.95
20,30.35
20,30.31
20,30.26
20,30.25
20,30.2
20,30.05
20,30.32
20,30.26
20,30.08
20,30.41
20,29.87
20,29.93
20,30.06
20,30.03
20,30.54
20,30.37
20,30.28
20,30.63
20,30.53
20,30.44
20,30.17
20,30.11
20,30.31
20,30.19
20,30.24
20,30.36
20,29.99
20,30.16
20,30.09
20,30.26
20,29.83
20,30.17
20,30.54
20,30.23
20,30.09
20,30.24
20,30.15
20,30.54
20,30.25
20,30.27
20,30.1
20,29.95
20,30.15
20,30.28
20,30.08
20,29.85
20,30.28
20,30.23
20,30.29
20,30.04
20,30.29
20,30.26
20,30.42
20,29.72
20,30.26
20,30.51
20,30.31
20,30.6
20,30.08
20,30.42
20,29.8
20,29.91
20,30.34
20,30.12
20,30.37
20,30.3
20,30.44
20,30.46
20,30.01
20,30.26
20,30.35
20,30.72
20,30.37
20,30.61
20,30.32
20,30.15
20,30.3
20,30.32
20,30.03
20,30.15
20,30.19
20,30.38
20,30.16
20,30.07
20,30.37
20,30.56
20,30.45
20,30.44
20,30.6
20,30.38
20,30.38
20,29.94
20,30.16
20,30.01
20,30.1
20,30.36
20,30.47
20,30.15
20,30.35
20,30.5
20,30.26
20,30.3
20,30.19
20,30.56
20,30.3
20,30.07
20,30.51
20,30.67
20,30.05
20,30.33
20,30.18
20,30.46
20,30.02
20,30
20,30.26
20,30.2
20,30.3
20,30.3
20,29.89
20,30.11
20,30.51
20,30.59
20,30.52
20,30.27
20,30.49
20,30.62
20,30.37
20,30.2
20,30.62
20,30.14
20,30.12
20,30.32
20,30.22
20,30.4
20,29.97
20,30.93
20,30.11
20,30.29
20,30.1
20,30.36
20,30.66
20,30.5
20,30.57
20,30.49
20,30.15
20,30.04
20,30.47
20,30.36
20,30.3
20,30.26
20,30.61
20,30.13
20,30.2
20,30.51
20,30.72
20,30.07
20,30.83
20,30.05
20,29.64
20,30
20,29.74
20,30.09
20,30.38
20,30.46
20,30.34
20,30.61
20,30.32
20,30.08
20,30.32
20,30.17
20,30.26
20,30.07
20,30.32
20,30.35
20,30.35
20,30.6
20,30.3
20,30.29
20,30.36
20,30.25
20,30.62
20,30.24
20,30.27
20,30.29
20,30.46
20,30.26
20,30.39
20,30
20,30.18
20,30.01
20,30.41
20,30.38
20,30.4
20,30.44
20,30.47
20,30.26
20,30.01
20,30.31
20,30.31
20,30.41
20,30.02
20,29.96
20,30.42
20,29.73
20,30.14
20,30.33
20,29.99
20,30.32
20,30.24
20,30.24
20,30.62
20,30.37
20,30.38
20,30.24
20,30.08
20,30.12
20,30.16
20,30.05
20,30.4
20,30.71
20,29.89
20,30.08
20,30.05
20,30.01
20,30.09
20,30.31
20,30.25
20,30.22
20,30.37
20,29.79
20,30.35
20,29.76
20,30.2
20,29.75
20,29.84
20,30.43
20,30.06
20,30.28
20,30.07
20,30.41
20,30.34
20,30.42
20,30.5
20,30.57
20,30.37
20,30.33
20,29.98
20,30.31
20,30.34
20,30.08
20,30.24
20,30.67
20,30.24
20,30.23
20,29.8
20,30.1
20,30.28
20,30.01
20,30.24
20,30.04
20,30.04
20,29.99
20,30.52
20,30.3
20,30.1
20,30.54
20,30.03
20,30.76
20,30.33
20,30.02
20,30.12
20,30.31
20,30.31
20,30.6
20,30.11
20,29.91
20,30.51
20,30.76
20,30.66
20,30.02
20,30.63
20,30.21
20,30.3
20,30.49
20,29.95
20,30.15
20,30.67
20,30.33
20,30.11
20,30.31
20,30.04
20,30.38
20,30.37
20,30.07
20,30.23
20,30.45
20,30.11
20,30.43
20,30.15
20,30.32
20,30.4
20,30.27
20,30.49
20,30.36
20,30.43
20,30.4
20,30.01
20,30.48
20,30.29
20,29.86
20,30.11
20,30.23
20,30.61
20,30.75
20,30.89
20,30.23
20,30.4
20,30.56
20,30.68
20,30.46
20,30.09
20,30.29
20,30.43
20,30.3
20,30.47
20,30.51
20,30.18
20,30.34
20,30.71
20,30.22
20,30.13
20,30.07
20,30.24
20,30.51
20,30.39
20,29.94
20,30.39
20,30.43
20,30.51
20,29.98
20,30.61
20,30.15
20,30.25
20,30.18
20,30
20,30.2
20,30.39
20,30.15
20,30.16
20,30.2
20,30.1
20,30.38
20,30.43
20,30.42
20,30.22
20,29.97
20,30.08
20,30.42
20,30.44
20,30.61
20,29.73
20,30.38
20,30.12
20,30.21
20,30
20,29.81
20,30.21
20,30.26
20,30.01
20,30.43
20,30.08
20,30.49
20,30.26
20,30.56
20,30.14
20,30.27
20,30.12
20,30.33
20,29.65
20,30.06
20,30.12
20,30.29
20,30.37
20,30.53
20,30.66
20,30.34
20,30.5
20,29.93
20,30.06
20,30.4
20,29.93
20,30.25
20,30.52
20,29.86
20,30.06
20,30.82
20,30.08
20,30.15
20,30.48
20,30.31
20,30.46
20,30.14
20,30.6
20,30.38
20,30.16
20,30.4
20,30.11
20,30.29
20,30.43
20,30.27
20,30.35
20,30.1
20,30.28
20,30.36
20,30.13
20,30.52
20,30.46
20,30.57
20,30.2
20,30.09
20,30.41
20,30.13
20,30.91
20,30.26
20,30.21
20,30.01
20,30.01
20,30.2
20,29.77
20,29.9
20,30.32
20,30.26
20,30.3
20,30.19
20,30.3
20,30.42
20,29.91
20,30.11
20,30.34
20,30.09
20,30.35
20,30.38
20,30.75
20,30.1
20,30.29
20,30.3
20,30.43
20,30.5
20,30.42
20,30.17
20,30.21
20,30.61
20,30.26
20,30.29
20,29.91
20,30.63
20,30.41
20,30.16
20,30.37
20,30.25
20,29.74
20,30.7
20,30.16
20,30.61
20,30.29
20,30.6
20,30.5
20,30.23
20,30.02
20,30.66
20,30.28
20,30.12
20,30.31
20,30.46
20,29.97
20,30.36
20,30.54
20,30.26
20,30.08
20,30
20,30.77
20,30.22
20,30.39
20,30.39
20,30.58
20,30.7
20,30.34
20,29.8
20,29.98
20,30.16
20,30.63
20,30.39
20,29.84
20,30.13
20,30.11
20,30.17
20,30.37
20,30.38
20,30.05
20,30.41
20,30.37
20,30.26
20,30.25
20,29.93
20,30.17
20,30.19
20,30.35
20,30.1
20,30
20,30.06
20,30.56
20,30.29
20,30.22
20,30.56
20,30.41
20,30.15
20,30.33
20,30.46
20,30.27
20,30.54
20,30.28
20,30.63
20,30.8
20,30.33
20,30.69
20,30.24
20,30.49
20,30.11
20,30.44
20,30.77
20,30.09
20,30.06
20,30.17
20,30.32
20,29.85
20,30.25
20,29.99
20,30.08
20,29.95
20,30.79
20,30.22
20,30.31
20,30.14
20,30.69
20,30.06
20,30.47
20,30.08
20,29.86
20,30.25
20,30.27
20,30.07
20,29.96
20,30.18
20,30.56
20,30.19
20,30.43
20,29.91
20,29.94
20,30.3
20,30.72
20,30.29
20,30.08
20,30.75
20,30.75
20,30.15
20,30.19
20,30.23
20,29.96
20,30.4
20,30.16
20,30.46
20,30.39
20,30.52
20,30.45
20,30.34
20,30.43
20,30.28
20,30.23
20,30.15
20,30.47
20,30.59
20,30.03
20,29.9
20,30.25
20,30.08
20,30.29
20,30.53
20,30.37
20,30.63
20,29.87
20,29.99
20,29.86
20,30.3
20,30.3
20,30.29
20,30.15
20,30.23
20,29.9
20,30.78
20,30.33
20,29.92
20,29.87
20,30.58
20,30.24
20,30.1
20,30.47
20,30.25
20,30.16
20,30.06
20,30.32
20,30.35
20,30.22
20,30.43
20,30.79
20,30.03
20,30.12
20,30.29
20,30.58
20,30.41
20,30.72
20,30.23
20,30.74
20,30.55
20,30.17
20,30.27
20,30.56
20,30.83
20,30.19
20,30.54
20,30.25
20,29.89
20,30.61
20,30.22
20,30.33
20,30.01
20,30.33
20,30.15
20,30.4
20,30.24
20,30.64
20,30.47
20,30.08
20,30.68
20,30.11
20,30.19
20,30.09
20,30.18
20,30.27
20,30.29
20,30.45
20,30.1
20,29.94
20,30.52
20,29.84
20,30.27
20,30.37
20,30.23
20,30.05
20,30.67
20,30.31
20,30.05
20,30.34
20,30.22
20,30.44
20,30.42
20,30.56
20,30.48
20,30.28
20,30.38
20,30.1
20,30.11
20,30.09
20,30.49
20,30.19
20,30.37
20,29.99
20,30.54
20,30.16
20,30.52
20,30.18
20,30.31
20,30.2
20,30.35
20,30.4
20,30.13
20,30.26
20,30.47
20,30.39
20,30.21
20,30.42
20,30.37
20,29.7
20,30.41
20,30.2
20,30.53
20,29.89
20,30.33
20,30.58
20,30.25
20,30.39
20,30.49
20,30.21
20,30.22
20,30.19
20,30.17
20,30.64
20,30.17
20,30.46
20,29.83
20,30.33
20,30.13
20,30.16
20,30.63
20,30.34
20,30.24
20,30.37
20,30.3
20,30.59
20,30.46
20,30.01
20,30.35
20,30.23
20,30.41
20,30.47
20,30.23
20,29.91
20,30.64
20,29.95
20,29.93
20,30.56
20,30
20,30.72
20,30.08
20,30.17
20,30.09
20,30.43
20,30.56
20,30.54
20,30.13
20,30.42
20,30.42
20,30.6
20,30.17
20,30.44
20,30.8
20,29.9
20,30.26
20,30.23
20,30.56
20,30.29
20,30.18
20,30.16
20,30.29
20,30.35
20,30.58
20,30.74
20,30.2
20,30.3
20,30.55
20,30.12
20,30.36
20,30.34
20,30.41
20,30.63
20,30.4
20,30.57
20,30.25
20,30.13
20,30.22
20,30.23
20,30.58
20,30.31
20,30.66
20,30.2
20,30.46
20,30.22
20,30.4
20,30.16
20,29.74
20,30.02
20,30.86
20,30.26
20,29.94
20,30.23
20,30.22
20,30.29
20,30.43
20,30.05
20,30.31
20,29.9
20,30.59
20,30.36
20,30.43
20,29.89
20,30.36
20,30.36
20,30.07
20,30.19
20,30.26
20,30.47
20,30.16
20,30.13
20,30.16
20,30.42
20,30.37
20,30.34
20,29.99
20,30.18
20,30.02
20,30.04
20,30.17
20,30.14
20,30.08
20,30.18
20,30.35
20,30.4
20,30.24
20,30.29
20,30.21
20,30.28
20,30.67
20,30.74
20,30.38
20,30.23
20,30.29
20,30.37
20,30.47
20,30.3
20,29.98
20,30.29
20,29.87
20,30.07
20,30.32
20,29.93
20,30.87
20,30.22
20,30.7
20,30.25
20,30.02
20,30.44
20,30.61
20,30.07
20,30.55
20,29.87
20,30.21
20,30.43
20,30.2
20,29.72
20,30.52
20,30.45
20,29.78
20,30.2
20,30.33
20,30.22
20,30.31
20,30.41
20,30.29
20,30.4
20,29.96
20,30.38
20,30.34
20,30.39
20,30.7
20,30.58
20,30.62
20,30.17
20,30.06
20,30.36
20,30.31
20,30.16
20,30.15
20,30.09
20,30.16
20,30.42
20,30.02
20,30.12
20,30.03
20,30.15
20,30.35
20,30.2
20,30.43
20,30.61
20,30.75
20,30.66
20,30.52
20,30.22
20,30.33
20,30.39
20,30.29
20,30.06
20,30.21
20,29.99
20,30.13
20,29.79
20,30.1
20,30.07
20,30.62
20,30.79
20,30.69
20,30.25
20,30.39
20,30.44
20,30.43
20,30.61
20,30.48
20,30.05
20,30.5
20,30.52
20,30.44
20,29.91
20,30.45
20,30.4
20,30.6
20,30.25
20,30.42
20,30.28
20,29.95
20,30.11
20,30.51
20,30.31
20,30.27
20,30.66
20,30.56
20,30.11
20,30.54
20,30.42
20,30.15
20,30.12
20,30.16
20,30.38
20,30.12
20,30.32
20,30.4
20,30.2
20,29.99
20,30.41
20,30.71
20,30.53
20,30.33
20,29.86
20,30.01
20,30.6
20,30.66
20,30.09
20,30.14
20,30.44
20,30.38
20,30.09
20,30.02
20,30.14
20,30.11
20,30.82
20,30.27
20,30.17
20,30.1
20,30.34
20,30.46
20,30.64
20,30.48
20,30.37
20,30.04
30,30.69
30,30.48
30,30.67
30,30.45
30,30.48
30,30.5
30,30.31
30,30.13
30,30.77
30,30.34
30,30.4
30,30.66
30,30.65
30,30.75
30,30.2
30,30.2
30,30.21
30,30.03
30,30.7
30,30.66
30,31.05
30,30.6
30,30.26
30,30.12
30,30.29
30,30.31
30,30.38
30,30.57
30,30.18
30,30.43
30,30.37
30,30.27
30,30.53
30,30.31
30,30.08
30,30.57
30,30.57
30,30.29
30,30.75
30,30.48
30,30.37
30,30.59
30,30.56
30,30.37
30,30.76
30,30.14
30,30.44
30,30.8
30,30.47
30,30.72
30,29.97
30,29.89
30,30.31
30,30.25
30,30.25
30,30.73
30,30.14
30,30.14
30,30.11
30,30.02
30,30.83
30,30.37
30,30.29
30,30.36
30,30.9
30,30.39
30,30.56
30,30.41
30,30.49
30,30.76
30,30.4
30,30.42
30,30.35
30,30.58
30,30.61
30,30.82
30,30.52
30,30.33
30,30.72
30,30.54
30,30.21
30,30.21
30,30.01
30,30.63
30,30.11
30,30.46
30,30.38
30,30.18
30,30.08
30,30.42
30,30.15
30,30.15
30,30.56
30,30.88
30,30.54
30,30.17
30,30.56
30,30.18
30,30.16
30,30.59
30,30.57
30,30.52
30,30.11
30,30.64
30,30.89
30,30.85
30,30.67
30,30.7
30,30.21
30,30.23
30,30.44
30,30.88
30,30.18
30,30.81
30,30.25
30,30.29
30,30.48
30,30.52
30,30.14
30,30.56
30,30.3
30,30.26
30,30.3
30,30.67
30,30.35
30,30.51
30,30.46
30,30.58
30,30.52
30,30.52
30,30.77
30,30.4
30,30.36
30,30.47
30,30.19
30,30.69
30,30.38
30,30.61
30,30.68
30,30.11
30,30.67
30,30.4
30,30.24
30,30.62
30,30.18
30,30.27
30,30.18
30,30.18
30,30.83
30,30.17
30,30.57
30,30.87
30,30.51
30,30.32
30,30.37
30,30.41
30,30.42
30,30.52
30,30.74
30,30.21
30,30.42
30,30.17
30,30.42
30,30.3
30,30.42
30,30.85
30,31.12
30,30.57
30,30.48
30,30.6
30,30.53
30,30.69
30,30.46
30,30.17
30,29.99
30,30.72
30,30.44
30,30.29
30,30.26
30,29.92
30,30.34
30,30.5
30,30.71
30,30.05
30,30.92
30,30.96
30,30.39
30,30.36
30,30.52
30,30.62
30,30.43
30,30.41
30,30.6
30,30.45
30,31.01
30,30.99
30,30.71
30,30.51
30,29.94
30,30.36
30,30.8
30,30.56
30,30.46
30,30.67
30,30.59
30,30.61
30,30.17
30,30.65
30,30.6
30,30.62
30,30.39
30,30.55
30,30.63
30,30.22
30,30.73
30,30.48
30,30.57
30,30.38
30,30.8
30,30.28
30,30.52
30,30.7
30,30.24
30,30.15
30,30.35
30,31.01
30,30.39
30,30.27
30,30.4
30,30.6
30,30.9
30,30.74
30,30.72
30,30.37
30,30.26
30,30.41
30,30.42
30,30.11
30,30.06
30,30.6
30,30.42
30,30.59
30,30.41
30,30.66
30,30.77
30,30.27
30,30.38
30,30.71
30,29.99
30,30.47
30,30.51
30,30.32
30,30.6
30,30.53
30,30.61
30,30.47
30,30.33
30,30.23
30,30.62
30,30.43
30,30.34
30,30.53
30,30.62
30,30.47
30,30.1
30,30.38
30,30.53
30,30.39
30,30.19
30,30.09
30,30.63
30,30.53
30,30.45
30,30.55
30,30.54
30,30.35
30,30.25
30,30.62
30,30.49
30,30.5
30,30.32
30,30.17
30,30.25
30,30.35
30,30.22
30,30.13
30,30.7
30,30.11
30,30.71
30,30.97
30,30.65
30,30.5
30,30.49
30,30.45
30,30.26
30,30.17
30,30.1
30,30.51
30,30.49
30,30.27
30,30.6
30,30.48
30,30.47
30,30.27
30,30.24
30,30.65
30,30.36
30,29.98
30,30.43
30,30.56
30,30.52
30,30.32
30,30.76
30,30.34
30,30.43
30,30.51
30,30.33
30,30.61
30,30.47
30,30.49
30,30.57
30,30.47
30,30.09
30,30.43
30,30.1
30,30.15
30,30.15
30,30.53
30,29.77
30,30.83
30,30.49
30,30.83
30,30.39
30,30.42
30,30.45
30,30.9
30,30.33
30,30.63
30,30.4
30,30.62
30,30.42
30,30.19
30,30.29
30,30.26
30,30.62
30,30.62
30,30.31
30,30.53
30,30.52
30,30.27
30,30.55
30,30.07
30,30.57
30,30.89
30,30.33
30,30.15
30,30.26
30,30.3
30,30.33
30,29.97
30,30.14
30,30.74
30,30.29
30,30.25
30,30.32
30,30.39
30,30.55
30,30.63
30,30.25
30,30.49
30,30.64
30,30.21
30,30.33
30,30.55
30,30.58
30,30.06
30,30.53
30,30.92
30,30.2
30,30.36
30,30.52
30,30.32
30,30.41
30,30.05
30,31.05
30,30.6
30,30.56
30,30.48
30,30.56
30,30.52
30,30.38
30,30.71
30,30.49
30,30.9
30,30.26
30,30.29
30,30.45
30,30.39
30,30.46
30,30.32
30,30.39
30,30.12
30,30.74
30,30.11
30,30.22
30,30.39
30,30.17
30,30.32
30,30.83
30,30.51
30,30.43
30,30.66
30,30.75
30,30.81
30,29.91
30,30.66
30,30.18
30,30.95
30,30.17
30,30.58
30,30.62
30,30.4
30,30.72
30,30.26
30,30.57
30,30.47
30,30.52
30,30.94
30,30.72
30,30.41
30,30.38
30,30.45
30,30.82
30,30.7
30,30.96
30,30.46
30,30.77
30,30.56
30,30.36
30,30.69
30,30.68
30,30.24
30,30.12
30,30.97
30,30.51
30,31.05
30,30.61
30,30.41
30,30.64
30,30.17
30,30.64
30,30.11
30,30.79
30,30.68
30,30.17
30,30.91
30,30.41
30,30.38
30,30.79
30,30.62
30,30.56
30,31.09
30,30.31
30,30.31
30,30.48
30,30.26
30,30.15
30,30.25
30,30.59
30,30.58
30,30.44
30,30.38
30,30
30,30.67
30,30.56
30,30.55
30,30.57
30,30.36
30,30.38
30,30.51
30,30.02
30,30.37
30,30.33
30,30.78
30,30.72
30,30.37
30,30.79
30,30.53
30,30.19
30,30.69
30,30.93
30,30.56
30,30.49
30,30.23
30,30.46
30,30.15
30,30.37
30,30.46
30,30.2
30,30.27
30,30.17
30,29.92
30,30.13
30,30.17
30,30.52
30,30.51
30,30.94
30,30.65
30,30.56
30,30.38
30,29.87
30,30.71
30,30
30,30.83
30,30.66
30,30.32
30,30.49
30,30.81
30,30.36
30,30.3
30,30.73
30,30.17
30,30.26
30,30.41
30,30.54
30,30.64
30,30.67
30,30.43
30,30.56
30,30.7
30,30.14
30,30.75
30,30.29
30,30.33
30,30.47
30,30.59
30,30.33
30,30.27
30,30.22
30,30.97
30,29.88
30,30.64
30,30.39
30,30.09
30,29.84
30,30.51
30,30.52
30,30.47
30,30.4
30,30.58
30,30.76
30,30.23
30,30.29
30,29.99
30,30.57
30,30.43
30,30.37
30,30.17
30,30.4
30,30.24
30,30.58
30,30.05
30,30.31
30,30.48
30,30.42
30,30.54
30,30.35
30,30.49
30,30.69
30,30.7
30,30.26
30,30.31
30,30.4
30,30.59
30,30.55
30,30.12
30,30.57
30,30.45
30,30.43
30,30.41
30,30.73
30,30.49
30,30.64
30,30.76
30,30.69
30,30.2
30,29.99
30,30.59
30,30.42
30,30.41
30,30.62
30,30.48
30,30.2
30,30.73
30,31.03
30,30.62
30,30.47
30,30.47
30,30.48
30,30.41
30,30.59
30,30.16
30,30.36
30,30.2
30,30.64
30,30.12
30,30.43
30,30.49
30,30.45
30,30.61
30,29.91
30,30.28
30,30.52
30,30.69
30,30.31
30,30.78
30,30.65
30,30.75
30,30.35
30,30.39
30,30.2
30,30.8
30,30.57
30,30.24
30,30.44
30,30.37
30,30.56
30,30.41
30,30.81
30,29.83
30,30.51
30,30.26
30,30.26
30,30.51
30,30.43
30,30.23
30,30.12
30,30.33
30,30.14
30,30.5
30,30.41
30,30.43
30,30.8
30,30.39
30,30.27
30,30.16
30,30.34
30,30.45
30,30.06
30,30.65
30,30.4
30,30.35
30,30.59
30,30.81
30,30.47
30,30.39
30,30.25
30,30.36
30,30.59
30,30.22
30,29.87
30,30.13
30,30.6
30,30.75
30,30.41
30,30.95
30,30.47
30,30.37
30,30.61
30,30.44
30,30.39
30,30.77
30,30.48
30,30.44
30,30.37
30,30.3
30,30.4
30,30.69
30,30.36
30,30.11
30,30.25
30,30.48
30,30.66
30,31.02
30,30.29
30,30.02
30,30.22
30,30.58
30,30.32
30,30.44
30,30.38
30,30.5
30,30.35
30,30.15
30,30.01
30,30.4
30,30.44
30,30.43
30,30.41
30,30.75
30,30.01
30,30.32
30,30.78
30,30.31
30,30.3
30,30.74
30,30.27
30,30.4
30,30.55
30,30.49
30,30.38
30,30.42
30,30.32
30,30.05
30,30.17
30,30.59
30,30.85
30,30.64
30,30.36
30,30.38
30,30.33
30,30.32
30,30.32
30,30.34
30,30.58
30,30.23
30,30.55
30,30.5
30,30.27
30,30.17
30,30.02
30,30.66
30,30.66
30,30.25
30,30.39
30,30.31
30,30.54
30,30.59
30,30.32
30,30.39
30,30.5
30,30.85
30,30.22
30,30.21
30,30.64
30,30.18
30,30.28
30,30.6
30,30.45
30,30.21
30,30.55
30,29.91
30,30.15
30,30.6
30,30.21
30,30.29
30,30.61
30,30.47
30,30.19
30,30.35
30,30.57
30,30.22
30,30.58
30,30.82
30,30.67
30,30.23
30,30.5
30,30.24
30,30.45
30,30.18
30,30.44
30,30.54
30,30.4
30,30.49
30,30.51
30,30.02
30,30.21
30,29.99
30,30.74
30,30.42
30,30.46
30,30.47
30,30.79
30,30.59
30,30.4
30,30.7
30,30.97
30,30.54
30,30.37
30,30.19
30,30.61
30,30.51
30,30.45
30,30.44
30,30.65
30,30.41
30,30.09
30,30.7
30,30.42
30,30.25
30,30.65
30,30.86
30,30.35
30,30.49
30,30.25
30,30.25
30,30.69
30,30.55
30,30.17
30,30.38
30,30.25
30,30.55
30,29.87
30,30.59
30,30.27
30,29.9
30,30.43
30,30.26
30,30.37
30,30.6
30,30.26
30,30.22
30,30.49
30,30.65
30,30.47
30,30.11
30,29.9
30,30.69
30,30.14
30,30.53
30,30.33
30,29.98
30,30.43
30,30.45
30,30.41
30,30.16
30,30.71
30,30.61
30,30.26
30,30.98
30,30.45
30,30.44
30,30.64
30,30.12
30,30.37
30,30.18
30,30.59
30,30.26
30,30.32
30,30.31
30,30.38
30,30.26
30,30.67
30,30.7
30,30.82
30,30.37
30,30.3
30,30.6
30,30.47
30,30.14
30,30.32
30,30.11
30,30.64
30,30.56
30,30.21
30,30.33
30,30.2
30,30.04
30,30.59
30,30.36
30,30.82
30,30.78
30,29.73
30,30.36
30,30.37
30,30.24
30,30.34
30,30.44
30,30.43
30,30.52
30,30.84
30,30.64
30,30.15
30,30.08
30,30.49
30,30.5
30,30.45
30,30.54
30,30.35
30,30.6
30,30.45
30,30.35
30,30.15
30,30.66
30,30.16
30,29.88
30,30.3
30,30.57
30,30.65
30,30.34
30,30.09
30,30.53
30,30.53
30,30.75
30,30.2
30,30.51
30,30.4
30,30.56
30,30.06
30,30.6
30,30.36
30,30.02
30,30.82
30,30.27
30,30.29
30,30.23
30,30.44
30,30.35
30,30.46
30,30.38
30,30.33
30,30.39
30,30.65
30,31.14
30,30.2
30,30.25
30,30.62
30,30.19
30,30.26
30,30.31
30,30.45
30,30.5
30,30.06
30,29.98
30,30.22
30,29.88
30,30.37
30,30.33
30,30.54
30,30.5
30,30.34
30,30.37
30,30.89
30,30.85
30,29.99
30,30.41
30,30.79
30,30.57
30,30.48
30,30.84
30,30.76
30,30.38
30,30.25
30,30.35
30,29.91
30,30.32
30,30.32
30,30.34
30,30.41
30,30.27
30,30.42
30,30.54
30,30.09
30,30.64
30,30.95
30,30.89
30,30.68
30,30.17
30,30.4
30,30.49
30,30.42
30,30.75
30,30.5
30,30.45
30,30.62
30,30.34
30,30.23
30,30.82
30,30.04
30,30.29
30,30.48
30,30.55
30,30.27
30,30.29
30,30.82
30,30.36
30,30.47
30,30.48
30,30.57
30,30.43
30,30.38
30,30.71
30,30.41
30,30.32
30,30.45
30,30.64
30,30.17
30,30.58
30,30.5
30,30.44
